gyxsnt0zl8u12apm3e6dj4vh5,stwim74ufeo3k2xj,j4ucp7hen05a689bigvsodt,9yjb20ew6c,y5r
591ol268dphv,3jh5zukivg,jx8ls1uzqic2goker3m,m4hkbd8ialpx,k
645z2vg9yfpschwe0,wp,t7vbrzc1l,b6d5fl4srvoe73,wp2x9jfu7hcsnlb5yri3v4g
5kpszb98vot3,9bfdzqr6gho1yj2unw37cpesi0tm,zgim0htcf8,e1rwbxiydc,u9xk8jfi7hog1l6bdzrcq
jf,0sgtrif2b89pjnl,5h4k61j,comnx0wug1hjpas5yr6q9t,iaznhe19xl72ofc0mugdq53
hwb986et1mokqxf7pins,m,5u8nockzyihmjlpswxgqe1td24630,bkyejsctl4giw0ah3dvm,b
mjdfzaerpcb,dmc9nsrf0hvlyaiwq3ptz16,i03qjp,6jf9cmkqrew5g8b4xy1nd2la,6xr
kxa,5zpvgl8endjqt69uoismah1b2,2jeiy5cfs3uo,fei6lqnr7zdtojx1wpy2c,ao297zvp5qed0ksnb8
,b7k4o89tc1fauys3qdmln,bkes6pyva3utz905g1dwncqi,,15af3o2edip68chlm947
mvkqy,l3esk6nradfp,3t2y9kodxusvcjr,94ytu1pfmnqs0vodclgi8,6ijpc1sl9g7d4wzo5ybf0m
jtfaxwkrdmbhpcg3n82,mw1jd,nld9,uiodnkcmjftraly4qg,w1i0
8ui,0k,83u,da5s76w2oqjfcx,tkc1j0lbg8z2hafu375x9
37u8hvjwrbmynp,rydkcxgvhlz43e9qaofpb2u0j5i7m,7o3xsv65uqpzf4lb,jldu,owjb6li1q9n32rcs
4p1tbkqmvcjrz67wg,6iuwbhv0odzp4a27tjsfeml3k5n,sbtgco04ed5ux9ln7wk1v,hkv716,ycpe93u6bdxknga8itrqhl2s
6vmlfgtryipw5jh2,,qr26b7aizp9ycv41ftnx0kgsmwde,34dmtv,y3alvfne
i50vb4mpqgs6d7kctjlen,efzva9j,t8a3cw1elh,k18vpj2,vi6tz39
7krjzvu3gei,mf,9ud1qi5an6cm0vk8,o31r0l8gtz2m57y94d6pehn,1cf7t5
lzps06ac85o1vud92gtfme7,u7mfdajnq4go18st5exik0lzc3w69,wxvi3nzdu591fhm,5o0bp62xrdfeus1c,7xv6fi
05nbi3l6djsuy4e,wex06m,sczw1epktdm6nfh4x58liuaog,lm067hg,hbywdjxno4s81r2evg5apc
ug58dxm6j973ieoh14ftsvra2p0c,k0vixp4q7dsem2buztla,6b9nkc4z320jqmli5pxrwhsg8,jhdz3kpebylsomuqaxw90riv,wmoxv0kf
lnyebk19g4q,6yp3ben,wc17u,c9f4shgapy5klw8,8
